{"song_time": [14.307704210281372], "words_len_list": [1037], "ave token time:": 72.47843432874592, "ave song time": 14.307704210281372}